/*!999999\- enable the sandbox mode */
-- MariaDB dump 10.19  Distrib 10.6.18-MariaDB, for debian-linux-gnu (x86_64)
--
-- Host: localhost    Database: TSOCFS
-- ------------------------------------------------------
-- Server version	10.6.18-MariaDB-0ubuntu0.22.04.1

/*!40101 SET @OLD_CHARACTER_SET_CLIENT=@@CHARACTER_SET_CLIENT */;
/*!40101 SET @OLD_CHARACTER_SET_RESULTS=@@CHARACTER_SET_RESULTS */;
/*!40101 SET @OLD_COLLATION_CONNECTION=@@COLLATION_CONNECTION */;
/*!40101 SET NAMES utf8mb4 */;
/*!40103 SET @OLD_TIME_ZONE=@@TIME_ZONE */;
/*!40103 SET TIME_ZONE='+00:00' */;
/*!40014 SET @OLD_UNIQUE_CHECKS=@@UNIQUE_CHECKS, UNIQUE_CHECKS=0 */;
/*!40014 SET @OLD_FOREIGN_KEY_CHECKS=@@FOREIGN_KEY_CHECKS, FOREIGN_KEY_CHECKS=0 */;
/*!40101 SET @OLD_SQL_MODE=@@SQL_MODE, SQL_MODE='NO_AUTO_VALUE_ON_ZERO' */;
/*!40111 SET @OLD_SQL_NOTES=@@SQL_NOTES, SQL_NOTES=0 */;

--
-- Table structure for table `FPGACARD`
--

DROP TABLE IF EXISTS `FPGACARD`;
/*!40101 SET @saved_cs_client     = @@character_set_client */;
/*!40101 SET character_set_client = utf8 */;
CREATE TABLE `FPGACARD` (
  `CARDID` varchar(10) NOT NULL,
  `PROBEID` varchar(10) DEFAULT NULL,
  `TYPE` varchar(10) NOT NULL
) ENGINE=InnoDB DEFAULT CHARSET=utf8mb4 COLLATE=utf8mb4_general_ci;
/*!40101 SET character_set_client = @saved_cs_client */;

--
-- Dumping data for table `FPGACARD`
--

LOCK TABLES `FPGACARD` WRITE;
/*!40000 ALTER TABLE `FPGACARD` DISABLE KEYS */;
INSERT INTO `FPGACARD` VALUES ('CR0001','PR0134','Nap'),('CR0002','PR0002','Nap'),('CR0003','PR0014','Nap'),('CR0004','PR0005','Xil'),('CR0005','PR0017','Nap'),('CR0006','PR0018','Nap'),('CR0007','PR0019','Nap'),('CR0008','PR0115','Nap'),('CR0009','PR0028','Xil'),('CR0010','PR0030','Nap'),('CR0011','PR0030','Nap'),('CR0012','PR0122','Nap'),('CR0013','PR0097','Xil'),('CR0014','PR0097','Nap'),('CR0015','PR0099','Nap'),('CR0016','PR0099','Nap'),('CR0017','PR0056','Nap'),('CR0018','PR0056','Xil'),('CR0019','PR0057','Xil'),('CR0020','PR0101','Nap'),('CR0021','PR0102','Xil'),('CR0022','PR0103','Nap'),('CR0023','PR0109','Nap'),('CR0024','PR0116','Nap'),('CR0025','PR0021','Nap'),('CR0026','PR0117','Nap'),('CR0027','PR0074','Nap'),('CR0028','PR0080','Nap'),('CR0029','PR0070','Nap'),('CR0030','PR0119','Nap'),('CR0031','PR0090','Nap'),('CR0032','PR0090','Nap'),('CR0033','PR0091','Xil'),('CR0034','PR0123','Nap'),('CR0035','PR0124','Nap'),('CR0036','PR0126','Nap'),('CR0037','PR0130','Nap'),('CR0038','PR0137','Nap'),('CR0039','PR0131','Nap'),('CR0040','PR0132','Nap'),('CR0041','PR0006','Xil'),('CR0042','PR0008','Xil'),('CR0043','PR0034','Xil'),('CR0044','PR0033','Nap'),('CR0045','PR0033','Nap'),('CR0046','PR0035','Nap'),('CR0047','PR0035','Nap'),('CR0048','PR0036','Nap'),('CR0049','PR0036','Nap'),('CR0050','PR0044','Nap'),('CR0051','PR0044','Nap'),('CR0052','PR0045','Nap'),('CR0053','PR0045','Nap'),('CR0054','PR0104','Xil'),('CR0055','PR0108','Xil'),('CR0056','PR0078','Xil'),('CR0057','PR0078','Nap'),('CR0058','PR0084','Xil'),('CR0059','PR0084','Nap'),('CR0060','PR0085','Nap'),('CR0061','PR0085','Nap'),('CR0062','PR0059','Nap'),('CR0063','PR0082','Nap'),('CR0064','PR0083','Nap'),('CR0065','PR0040','Nap'),('CR0066','PR0046','Xil'),('CR0067','PR0110','Nap'),('CR0068','PR0088','Nap'),('CR0069','PR0032','Nap'),('CR0070','PR0138','Nap'),('CR0071','PR0086','Nap'),('CR0072','PR0066','Xil'),('CR0073','PR0066','Nap'),('CR0074','PR0133','Nap'),('CR0075','PR0136','Nap'),('CR0076','PR0009','Nap'),('CR0077','PR0003','Nap'),('CR0078','PR0025','Nap'),('CR0079','PR0025','Nap'),('CR0080','PR0026','Xil'),('CR0081','PR0026','Nap'),('CR0082','PR0050','Xil'),('CR0083','PR0050','Nap'),('CR0084','PR0060','Nap'),('CR0085','PR0055','Nap'),('CR0086','PR0111','Nap'),('CR0087','PR0112','Nap'),('CR0088','PR0077','Nap'),('CR0089','PR0118','Nap'),('CR0090','PR0120','Nap'),('CR0091','PR0093','Nap'),('CR0092','PR0129','Nap'),('CR0093','PR0011','Nap'),('CR0094','PR0039','Nap'),('CR0095','PR0053','Nap'),('CR0096','PR0079','Nap'),('CR0097','PR0094','Nap'),('CR0098','PR0127','Nap'),('CR0099','PR0001','Nap'),('CR0100','PR0015','Nap'),('CR0101','PR0027','Xil'),('CR0102','PR0027','Nap'),('CR0103','PR0022','Nap'),('CR0104','PR0022','Nap'),('CR0105','PR0047','Xil'),('CR0106','PR0105','Nap'),('CR0107','PR0061','Nap'),('CR0108','PR0114','Nap'),('CR0109','PR0071','Nap'),('CR0110','PR0139','Nap'),('CR0111','PR0139','Nap'),('CR0112','PR0140','Nap'),('CR0113','PR0140','Nap'),('CR0114','PR0125','Nap'),('CR0115','PR0075','Nap'),('CR0116','PR0004','Nap'),('CR0117','PR0051','Nap'),('CR0118','PR0062','Nap'),('CR0119','PR0072','Nap'),('CR0120','PR0128','Nap'),('CR0121','PR0029','Xil'),('CR0122','PR0023','Xil'),('CR0123','PR0023','Nap'),('CR0124','PR0031','Xil'),('CR0125','PR0031','Nap'),('CR0126','PR0098','Nap'),('CR0127','PR0098','Nap'),('CR0128','PR0076','Nap'),('CR0129','PR0076','Nap'),('CR0130','PR0069','Xil'),('CR0131','PR0069','Nap'),('CR0132','PR0065','Xil');
/*!40000 ALTER TABLE `FPGACARD` ENABLE KEYS */;
UNLOCK TABLES;

--
-- Table structure for table `FPGAPORT`
--

DROP TABLE IF EXISTS `FPGAPORT`;
/*!40101 SET @saved_cs_client     = @@character_set_client */;
/*!40101 SET character_set_client = utf8 */;
CREATE TABLE `FPGAPORT` (
  `CARDID` varchar(10) NOT NULL,
  `PORTNUMBER` int(11) NOT NULL,
  `CAPACITY` varchar(10) NOT NULL
) ENGINE=InnoDB DEFAULT CHARSET=utf8mb4 COLLATE=utf8mb4_general_ci;
/*!40101 SET character_set_client = @saved_cs_client */;

--
-- Dumping data for table `FPGAPORT`
--

LOCK TABLES `FPGAPORT` WRITE;
/*!40000 ALTER TABLE `FPGAPORT` DISABLE KEYS */;
INSERT INTO `FPGAPORT` VALUES ('CR0001',0,'200'),('CR0001',1,'200'),('CR0002',0,'200'),('CR0002',1,'200'),('CR0003',0,'200'),('CR0003',1,'200'),('CR0004',0,'200'),('CR0004',1,'200'),('CR0005',0,'200'),('CR0005',1,'200'),('CR0006',0,'200'),('CR0006',1,'200'),('CR0007',0,'200'),('CR0007',1,'200'),('CR0008',0,'200'),('CR0008',1,'200'),('CR0009',0,'200'),('CR0009',1,'200'),('CR0010',0,'200'),('CR0010',1,'200'),('CR0011',0,'200'),('CR0011',1,'200'),('CR0012',0,'200'),('CR0012',1,'200'),('CR0013',0,'200'),('CR0013',1,'200'),('CR0014',0,'200'),('CR0014',1,'200'),('CR0015',0,'200'),('CR0015',1,'200'),('CR0016',0,'200'),('CR0016',1,'200'),('CR0017',0,'200'),('CR0017',1,'200'),('CR0018',0,'200'),('CR0018',1,'200'),('CR0019',0,'200'),('CR0019',1,'200'),('CR0020',0,'200'),('CR0020',1,'200'),('CR0021',0,'200'),('CR0021',1,'200'),('CR0022',0,'200'),('CR0022',1,'200'),('CR0023',0,'200'),('CR0023',1,'200'),('CR0024',0,'200'),('CR0024',1,'200'),('CR0025',0,'200'),('CR0025',1,'200'),('CR0026',0,'200'),('CR0026',1,'200'),('CR0027',0,'200'),('CR0027',1,'200'),('CR0028',0,'200'),('CR0028',1,'200'),('CR0029',0,'200'),('CR0029',1,'200'),('CR0030',0,'200'),('CR0030',1,'200'),('CR0031',0,'200'),('CR0031',1,'200'),('CR0032',0,'200'),('CR0032',1,'200'),('CR0033',0,'200'),('CR0033',1,'200'),('CR0034',0,'200'),('CR0034',1,'200'),('CR0035',0,'200'),('CR0035',1,'200'),('CR0036',0,'200'),('CR0036',1,'200'),('CR0037',0,'200'),('CR0037',1,'200'),('CR0038',0,'200'),('CR0038',1,'200'),('CR0039',0,'200'),('CR0039',1,'200'),('CR0040',0,'200'),('CR0040',1,'200'),('CR0041',0,'200'),('CR0041',1,'200'),('CR0042',0,'200'),('CR0042',1,'200'),('CR0043',0,'200'),('CR0043',1,'200'),('CR0044',0,'200'),('CR0044',1,'200'),('CR0045',0,'200'),('CR0045',1,'200'),('CR0046',0,'200'),('CR0046',1,'200'),('CR0047',0,'200'),('CR0047',1,'200'),('CR0048',0,'200'),('CR0048',1,'200'),('CR0049',0,'200'),('CR0049',1,'200'),('CR0050',0,'200'),('CR0050',1,'200'),('CR0051',0,'200'),('CR0051',1,'200'),('CR0052',0,'200'),('CR0052',1,'200'),('CR0053',0,'200'),('CR0053',1,'200'),('CR0054',0,'200'),('CR0054',1,'200'),('CR0055',0,'200'),('CR0055',1,'200'),('CR0056',0,'200'),('CR0056',1,'200'),('CR0057',0,'200'),('CR0057',1,'200'),('CR0058',0,'200'),('CR0058',1,'200'),('CR0059',0,'200'),('CR0059',1,'200'),('CR0060',0,'200'),('CR0060',1,'200'),('CR0061',0,'200'),('CR0061',1,'200'),('CR0062',0,'200'),('CR0062',1,'200'),('CR0063',0,'200'),('CR0063',1,'200'),('CR0064',0,'200'),('CR0064',1,'200'),('CR0065',0,'200'),('CR0065',1,'200'),('CR0066',0,'200'),('CR0066',1,'200'),('CR0067',0,'200'),('CR0067',1,'200'),('CR0068',0,'200'),('CR0068',1,'200'),('CR0069',0,'200'),('CR0069',1,'200'),('CR0070',0,'200'),('CR0070',1,'200'),('CR0071',0,'200'),('CR0071',1,'200'),('CR0072',0,'200'),('CR0072',1,'200'),('CR0073',0,'200'),('CR0073',1,'200'),('CR0074',0,'200'),('CR0074',1,'200'),('CR0075',0,'200'),('CR0075',1,'200'),('CR0076',0,'200'),('CR0076',1,'200'),('CR0077',0,'200'),('CR0077',1,'200'),('CR0078',0,'200'),('CR0078',1,'200'),('CR0079',0,'200'),('CR0079',1,'200'),('CR0080',0,'200'),('CR0080',1,'200'),('CR0081',0,'200'),('CR0081',1,'200'),('CR0082',0,'200'),('CR0082',1,'200'),('CR0083',0,'200'),('CR0083',1,'200'),('CR0084',0,'200'),('CR0084',1,'200'),('CR0085',0,'200'),('CR0085',1,'200'),('CR0086',0,'200'),('CR0086',1,'200'),('CR0087',0,'200'),('CR0087',1,'200'),('CR0088',0,'200'),('CR0088',1,'200'),('CR0089',0,'200'),('CR0089',1,'200'),('CR0090',0,'200'),('CR0090',1,'200'),('CR0091',0,'200'),('CR0091',1,'200'),('CR0092',0,'200'),('CR0092',1,'200'),('CR0093',0,'200'),('CR0093',1,'200'),('CR0094',0,'200'),('CR0094',1,'200'),('CR0095',0,'200'),('CR0095',1,'200'),('CR0096',0,'200'),('CR0096',1,'200'),('CR0097',0,'200'),('CR0097',1,'200'),('CR0098',0,'200'),('CR0098',1,'200'),('CR0099',0,'200'),('CR0099',1,'200'),('CR0100',0,'200'),('CR0100',1,'200'),('CR0101',0,'200'),('CR0101',1,'200'),('CR0102',0,'200'),('CR0102',1,'200'),('CR0103',0,'200'),('CR0103',1,'200'),('CR0104',0,'200'),('CR0104',1,'200'),('CR0105',0,'200'),('CR0105',1,'200'),('CR0106',0,'200'),('CR0106',1,'200'),('CR0107',0,'200'),('CR0107',1,'200'),('CR0108',0,'200'),('CR0108',1,'200'),('CR0109',0,'200'),('CR0109',1,'200'),('CR0110',0,'200'),('CR0110',1,'200'),('CR0111',0,'200'),('CR0111',1,'200'),('CR0112',0,'200'),('CR0112',1,'200'),('CR0113',0,'200'),('CR0113',1,'200'),('CR0114',0,'200'),('CR0114',1,'200'),('CR0115',0,'200'),('CR0115',1,'200'),('CR0116',0,'200'),('CR0116',1,'200'),('CR0117',0,'200'),('CR0117',1,'200'),('CR0118',0,'200'),('CR0118',1,'200'),('CR0119',0,'200'),('CR0119',1,'200'),('CR0120',0,'200'),('CR0120',1,'200'),('CR0121',0,'200'),('CR0121',1,'200'),('CR0122',0,'200'),('CR0122',1,'200'),('CR0123',0,'200'),('CR0123',1,'200'),('CR0124',0,'200'),('CR0124',1,'200'),('CR0125',0,'200'),('CR0125',1,'200'),('CR0126',0,'200'),('CR0126',1,'200'),('CR0127',0,'200'),('CR0127',1,'200'),('CR0128',0,'200'),('CR0128',1,'200'),('CR0129',0,'200'),('CR0129',1,'200'),('CR0130',0,'200'),('CR0130',1,'200'),('CR0131',0,'200'),('CR0131',1,'200'),('CR0132',0,'200'),('CR0132',1,'200');
/*!40000 ALTER TABLE `FPGAPORT` ENABLE KEYS */;
UNLOCK TABLES;

--
-- Table structure for table `LB`
--

DROP TABLE IF EXISTS `LB`;
/*!40101 SET @saved_cs_client     = @@character_set_client */;
/*!40101 SET character_set_client = utf8 */;
CREATE TABLE `LB` (
  `LBID` varchar(10) NOT NULL,
  `SITEID` int(11) NOT NULL,
  `IP` int(11) NOT NULL,
  `TYPE` varchar(10) NOT NULL
) ENGINE=InnoDB DEFAULT CHARSET=utf8mb4 COLLATE=utf8mb4_general_ci;
/*!40101 SET character_set_client = @saved_cs_client */;

--
-- Dumping data for table `LB`
--

LOCK TABLES `LB` WRITE;
/*!40000 ALTER TABLE `LB` DISABLE KEYS */;
/*!40000 ALTER TABLE `LB` ENABLE KEYS */;
UNLOCK TABLES;

--
-- Table structure for table `LBPORT`
--

DROP TABLE IF EXISTS `LBPORT`;
/*!40101 SET @saved_cs_client     = @@character_set_client */;
/*!40101 SET character_set_client = utf8 */;
CREATE TABLE `LBPORT` (
  `LBID` varchar(10) NOT NULL,
  `PORTNUMBER` int(11) NOT NULL,
  `CAPACITY` int(11) NOT NULL
) ENGINE=InnoDB DEFAULT CHARSET=utf8mb4 COLLATE=utf8mb4_general_ci;
/*!40101 SET character_set_client = @saved_cs_client */;

--
-- Dumping data for table `LBPORT`
--

LOCK TABLES `LBPORT` WRITE;
/*!40000 ALTER TABLE `LBPORT` DISABLE KEYS */;
/*!40000 ALTER TABLE `LBPORT` ENABLE KEYS */;
UNLOCK TABLES;

--
-- Table structure for table `MPLSLINKS`
--

DROP TABLE IF EXISTS `MPLSLINKS`;
/*!40101 SET @saved_cs_client     = @@character_set_client */;
/*!40101 SET character_set_client = utf8 */;
CREATE TABLE `MPLSLINKS` (
  `LINKID` varchar(20) NOT NULL,
  `SITEID` varchar(20) NOT NULL,
  `Provider` varchar(10) NOT NULL,
  `PEWANIP` varchar(25) NOT NULL,
  `CEWANIP` varchar(25) NOT NULL
) ENGINE=InnoDB DEFAULT CHARSET=utf8mb4 COLLATE=utf8mb4_general_ci;
/*!40101 SET character_set_client = @saved_cs_client */;

--
-- Dumping data for table `MPLSLINKS`
--

LOCK TABLES `MPLSLINKS` WRITE;
/*!40000 ALTER TABLE `MPLSLINKS` DISABLE KEYS */;
INSERT INTO `MPLSLINKS` VALUES ('LNK0001','SI0001','BSNL','192.168.162.194','192.168.162.193'),('LNK0002','SI0002','BSNL','192.168.136.58','192.168.136.57'),('LNK0003','SI0003','BSNL','192.168.195.66','192.168.195.65'),('LNK0004','SI0004','BSNL','192.168.24.45','192.168.24.46'),('LNK0005','SI0005','BSNL','192.168.76.138','192.168.76.137'),('LNK0006','SI0006','BSNL','192.168.76.66','192.168.76.65'),('LNK0007','SI0007','BSNL','192.168.45.202','192.168.45.201'),('LNK0008','SI0008','BSNL','192.168.11.158','192.168.11.157'),('LNK0009','SI0009','BSNL','192.168.24.29','192.168.24.30'),('LNK0010','SI0010','BSNL','192.168.24.33','192.168.24.34'),('LNK0011','SI0011','BSNL','192.168.175.110','192.168.175.109'),('LNK0012','SI0012','BSNL','192.168.24.21','192.168.24.22'),('LNK0013','SI0013','BSNL','192.168.24.37','192.168.24.38'),('LNK0014','SI0014','BSNL','192.168.24.41','192.168.24.42'),('LNK0015','SI0015','BSNL','192.168.123.246','192.168.123.245'),('LNK0016','SI0016','BSNL','192.168.24.25','192.168.24.26'),('LNK0017','SI0017','BSNL','192.168.88.198','192.168.88.197'),('LNK0018','SI0018','BSNL','192.168.49.186','192.168.49.185'),('LNK0019','SI0019','BSNL','#N/A','#N/A'),('LNK0020','SI0020','BSNL','192.168.106.30','192.168.106.29'),('LNK0021','SI0021','BSNL','192.168.40.182','192.168.40.181'),('LNK0022','SI0022','BSNL','192.168.98.138','192.168.98.137'),('LNK0023','SI0023','BSNL','192.168.200.14','192.168.200.13'),('LNK0024','SI0024','BSNL','192.168.200.134','192.168.200.133'),('LNK0025','SI0025','BSNL','192.168.200.50','192.168.200.49'),('LNK0026','SI0026','BSNL','192.168.65.206','192.168.65.205'),('LNK0027','SI0027','BSNL','192.168.24.17','192.168.24.18'),('LNK0028','SI0028','BSNL','192.168.40.150','192.168.40.149'),('LNK0029','SI0029','BSNL','192.168.67.86','192.168.67.85'),('LNK0030','SI0030','BSNL','192.168.173.214','192.168.173.213'),('LNK0031','SI0031','BSNL','192.168.98.126','192.168.98.125'),('LNK0032','SI0032','BSNL','192.168.88.190','192.168.88.189'),('LNK0033','SI0033','BSNL','192.168.60.98','192.168.60.97'),('LNK0034','SI0034','BSNL','192.168.114.30','192.168.114.29'),('LNK0035','SI0035','BSNL','192.168.244.238','192.168.244.237'),('LNK0036','SI0036','BSNL','192.168.230.174','192.168.230.173'),('LNK0037','SI0037','BSNL','192.168.172.38','192.168.172.37'),('LNK0038','SI0038','BSNL','192.168.175.226','192.168.175.225'),('LNK0039','SI0039','BSNL','192.168.236.166','192.168.236.165'),('LNK0040','SI0040','BSNL','192.168.195.126','192.168.195.125'),('LNK0041','SI0041','BSNL','192.168.195.234','192.168.195.233'),('LNK0042','SI0042','BSNL','192.168.210.234','192.168.210.233'),('LNK0043','SI0043','BSNL','192.168.212.222','192.168.212.221'),('LNK0044','SI0044','BSNL','192.168.24.13','192.168.24.14'),('LNK0045','SI0045','BSNL','192.168.3.206','192.168.3.205'),('LNK0046','SI0046','BSNL','192.168.244.86','192.168.244.85'),('LNK0047','SI0047','BSNL','192.168.175.102','192.168.175.101'),('LNK0048','SI0048','BSNL','192.168.175.106','192.168.175.105'),('LNK0049','SI0049','BSNL','192.168.231.82','192.168.231.81'),('LNK0050','SI0050','BSNL','192.168.200.58','192.168.200.57'),('LNK0051','SI0051','BSNL','192.168.175.114','192.168.175.113'),('LNK0052','SI0052','BSNL','192.168.175.234','192.168.175.233'),('LNK0053','SI0053','BSNL','192.168.195.250','192.168.195.249'),('LNK0054','SI0054','BSNL','192.168.4.78','192.168.4.77'),('LNK0055','SI0055','BSNL','192.168.173.166','192.168.173.165'),('LNK0056','SI0056','BSNL','192.168.171.110','192.168.171.109'),('LNK0057','SI0057','BSNL','192.168.96.210','192.168.96.209'),('LNK0058','SI0058','BSNL','192.168.6.74','192.168.6.73'),('LNK0059','SI0059','BSNL','192.168.24.85','192.168.24.86'),('LNK0060','SI0060','BSNL','192.168.40.186','192.168.40.185'),('LNK0061','SI0061','BSNL','192.168.200.34','192.168.200.33'),('LNK0062','SI0062','BSNL','192.168.98.70','192.168.98.69'),('LNK0063','SI0063','BSNL','192.168.107.122','192.168.107.121'),('LNK0064','SI0064','BSNL','192.168.40.202','192.168.40.201'),('LNK0065','SI0065','BSNL','192.168.200.42','192.168.200.41'),('LNK0066','SI0066','BSNL','192.168.216.242','192.168.216.241'),('LNK0067','SI0067','BSNL','192.168.24.81','192.168.24.82'),('LNK0068','SI0068','BSNL','192.168.24.93','192.168.24.94'),('LNK0069','SI0069','BSNL','192.168.88.130','192.168.88.129'),('LNK0070','SI0070','BSNL','192.168.159.118','192.168.159.117'),('LNK0071','SI0071','BSNL','192.168.196.158','192.168.196.157'),('LNK0072','SI0072','BSNL','192.168.0.202','192.168.0.201'),('LNK0073','SI0073','BSNL','192.168.24.97','192.168.24.98'),('LNK0074','SI0074','BSNL','192.168.24.101','192.168.24.102'),('LNK0075','SI0075','BSNL','192.168.24.89','192.168.24.90'),('LNK0076','SI0076','BSNL','192.168.85.42','192.168.85.41'),('LNK0077','SI0077','BSNL','192.168.85.202','192.168.85.201'),('LNK0078','SI0078','BSNL','192.168.40.198','192.168.40.197'),('LNK0079','SI0079','BSNL','192.168.247.150','192.168.247.149'),('LNK0080','SI0080','BSNL','#N/A','#N/A'),('LNK0081','SI0081','BSNL','#N/A','#N/A'),('LNK0082','SI0082','BSNL','192.168.200.150','192.168.200.149'),('LNK0083','SI0083','BSNL','192.168.40.190','192.168.40.189'),('LNK0084','SI0084','BSNL','#N/A','#N/A'),('LNK0085','SI0085','BSNL','192.168.88.62','192.168.88.61'),('LNK0086','SI0086','BSNL','192.168.179.142','192.168.179.141'),('LNK0087','SI0087','BSNL','192.168.173.178','192.168.173.177'),('LNK0088','SI0088','BSNL','192.168.247.62','192.168.247.61'),('LNK0089','SI0089','BSNL','192.168.210.30','192.168.210.29'),('LNK0090','SI0090','BSNL','192.168.64.26','192.168.64.25'),('LNK0091','SI0091','BSNL','192.168.196.102','192.168.196.101'),('LNK0092','SI0092','BSNL','192.168.4.58','192.168.4.57'),('LNK0093','SI0093','BSNL','192.168.85.218','192.168.85.217'),('LNK0094','SI0094','BSNL','192.168.100.10','192.168.100.9'),('LNK0095','SI0095','BSNL','192.168.114.74','192.168.114.73'),('LNK0096','SI0096','RAILTEL','192.168.200.86','192.168.200.85'),('LNK0097','SI0097','RAILTEL','192.168.96.174','192.168.96.173'),('LNK0098','SI0098','RAILTEL','192.168.181.130','192.168.181.129'),('LNK0099','SI0099','RAILTEL','192.168.100.46','192.168.100.45'),('LNK0100','SI0100','RAILTEL','192.168.0.162','192.168.0.161'),('LNK0101','SI0101','RAILTEL','192.168.196.174','192.168.196.173'),('LNK0102','SI0102','RAILTEL','192.168.24.77','192.168.24.78'),('LNK0103','SI0103','RAILTEL','192.168.24.69','192.168.24.70'),('LNK0104','SI0104','RAILTEL','192.168.3.218','192.168.3.217'),('LNK0105','SI0105','RAILTEL','192.168.230.198','192.168.230.197'),('LNK0106','SI0106','RAILTEL','192.168.40.242','192.168.40.241'),('LNK0107','SI0107','RAILTEL','192.168.24.73','192.168.24.74'),('LNK0108','SI0108','RAILTEL','192.168.67.158','192.168.67.157'),('LNK0109','SI0109','RAILTEL','192.168.193.234','192.168.193.233'),('LNK0110','SI0110','RAILTEL','192.168.213.190','192.168.213.189'),('LNK0111','SI0111','RAILTEL','192.168.65.182','192.168.65.181'),('LNK0112','SI0112','RAILTEL','192.168.168.66','192.168.168.65'),('LNK0113','SI0113','RAILTEL','192.168.65.222','192.168.65.221'),('LNK0114','SI0114','RAILTEL','192.168.100.174','192.168.100.173'),('LNK0115','SI0115','RAILTEL','192.168.0.174','192.168.0.173'),('LNK0116','SI0116','RAILTEL','192.168.4.222','192.168.4.221'),('LNK0117','SI0117','RAILTEL','192.168.65.186','192.168.65.185'),('LNK0118','SI0118','RAILTEL','192.168.34.126','192.168.34.125'),('LNK0119','SI0119','RAILTEL','192.168.47.58','192.168.47.57'),('LNK0120','SI0120','RAILTEL','192.168.200.78','192.168.200.77'),('LNK0121','SI0121','RAILTEL','192.168.24.73','192.168.24.74'),('LNK0122','SI0122','MTNL','192.168.67.142','192.168.67.141'),('LNK0123','SI0123','MTNL','192.168.194.218','192.168.194.217'),('LNK0124','SI0124','MTNL','192.168.230.206','192.168.230.205'),('LNK0125','SI0125','MTNL','192.168.88.58','192.168.88.57'),('LNK0126','SI0126','MTNL','192.168.24.61','192.168.24.62'),('LNK0127','SI0127','MTNL','192.168.24.53','192.168.24.54'),('LNK0128','SI0128','MTNL','192.168.24.65','192.168.24.66'),('LNK0129','SI0129','MTNL','192.168.24.9','192.168.24.10'),('LNK0130','SI0130','MTNL','192.168.16.182','192.168.16.181'),('LNK0131','SI0131','MTNL','192.168.200.166','192.168.200.165'),('LNK0132','SI0132','MTNL','192.168.24.49','192.168.24.50'),('LNK0133','SI0133','MTNL','192.168.24.57','192.168.24.58'),('LNK0134','SI0134','MTNL','192.168.96.246','192.168.96.245');
/*!40000 ALTER TABLE `MPLSLINKS` ENABLE KEYS */;
UNLOCK TABLES;

--
-- Table structure for table `PORT10G`
--

DROP TABLE IF EXISTS `PORT10G`;
/*!40101 SET @saved_cs_client     = @@character_set_client */;
/*!40101 SET character_set_client = utf8 */;
CREATE TABLE `PORT10G` (
  `PROBEID` varchar(10) NOT NULL,
  `PORTNO` int(11) NOT NULL,
  `CAPACITY` int(11) NOT NULL
) ENGINE=InnoDB DEFAULT CHARSET=utf8mb4 COLLATE=utf8mb4_general_ci;
/*!40101 SET character_set_client = @saved_cs_client */;

--
-- Dumping data for table `PORT10G`
--

LOCK TABLES `PORT10G` WRITE;
/*!40000 ALTER TABLE `PORT10G` DISABLE KEYS */;
/*!40000 ALTER TABLE `PORT10G` ENABLE KEYS */;
UNLOCK TABLES;

--
-- Table structure for table `PROBES`
--

DROP TABLE IF EXISTS `PROBES`;
/*!40101 SET @saved_cs_client     = @@character_set_client */;
/*!40101 SET character_set_client = utf8 */;
CREATE TABLE `PROBES` (
  `Name` varchar(255) NOT NULL,
  `ProbeID` varchar(10) NOT NULL,
  `SiteID` varchar(10) NOT NULL,
  `Host_IP` varchar(20) NOT NULL,
  `Public_IP` varchar(20) NOT NULL,
  `ILO_IP` varchar(20) NOT NULL,
  `ODID` varchar(10) NOT NULL,
  `Server_type` varchar(20) NOT NULL
) ENGINE=InnoDB DEFAULT CHARSET=utf8mb4 COLLATE=utf8mb4_general_ci;
/*!40101 SET character_set_client = @saved_cs_client */;

--
-- Dumping data for table `PROBES`
--

LOCK TABLES `PROBES` WRITE;
/*!40000 ALTER TABLE `PROBES` DISABLE KEYS */;
INSERT INTO `PROBES` VALUES ('TCL-Ahmedabad','PR0001','SI0099','172.16.22.167','14.141.119.62','14.141.119.61','22167','D'),('Airtel-Ambala','PR0002','SI0002','172.16.26.7','116.119.75.60','116.119.75.56','26007','D'),('RJIL-Bangalore-Panneva','PR0003','SI0071','172.16.20.167','49.44.223.28','49.44.223.59','20167','D'),('TTSL-Bangalore','PR0004','SI0115','172.16.24.71','14.99.188.14','14.99.188.13','24071','D'),('Airtel-Banglore-Whitefield','PR0005','SI0004','172.16.12.167','None','116.119.47.93','12167','H'),('BSNL-Bangalore-FraserTown','PR0006','SI0040','172.16.15.7','None','117.239.233.173','15007','D'),('Netmagic-Bangalore','PR0007','SI0053','172.16.18.199','180.179.4.46','180.179.4.45','18199','D'),('BSNL-Bangalore-NTB','PR0008','SI0040','172.16.15.39','None','61.0.234.242','15039','D'),('RJIL-Bangalore-Whitefield','PR0009','SI0071','172.16.20.135','49.44.223.28','49.44.223.27','20135','D'),('Spectranet-Bangalore','PR0010','SI0088','172.16.21.71','203.92.59.14','203.92.59.13','21071','D'),('Tata-Play-Bangalore','PR0011','SI0091','172.16.21.167','45.127.47.203','45.127.47.203','21167','D'),('Telstra-Bangalore','PR0012','SI0109','172.16.23.135','210.57.205.30','210.57.205.29','23135','D'),('Verizon-Bangalore','PR0013','SI0123','172.16.25.71','202.80.51.53','202.80.51.52','25071','D'),('Airtel-Bangalore-YMCA','PR0014','SI0003','172.16.15.231','116.119.80.142','116.119.80.141','15231','D'),('TCL-Bangalore-Whitefield','PR0015','SI0100','172.16.22.231','14.141.47.93','121.241.199.85','22231','D'),('TCL-Bangalore-Sanjaynagar','PR0016','SI0100','172.16.22.199','14.141.47.93','14.141.119.61','22199','D'),('Airtel-Bhopal-CentrePoint','PR0017','SI0005','172.16.16.7','116.119.80.190','116.119.80.189','16007','D'),('Airtel-Bhopal-Govindpura','PR0018','SI0005','172.16.16.39','116.119.80.190','116.119.75.125','16039','D'),('Airtel-Bhubaneswar','PR0019','SI0007','172.16.16.71','116.119.47.142','116.119.47.141','16071','D'),('VIL-Mohali','PR0020','SI0130','172.16.25.199','223.196.71.38','nan','25199','D'),('Airtel-Mohali','PR0021','SI0021','172.16.16.135','116.119.80.30','116.119.80.29','16135','D'),('TCL-Chennai-1.2','PR0022','SI0102','172.16.13.169','None','172.16.13.168','13169','D'),('VIL-Chennai-Perungudi','PR0023','SI0126','172.16.12.231','None','223.196.33.8','12231','H'),('TTSL-Chennai','PR0024','SI0116','172.16.24.103','61.16.133.9','61.16.133.8','24103','D'),('RJIL-Chennai-Siruseri','PR0025','SI0073','49.44.94.140','49.44.94.140','49.44.94.138','94140','H'),('RJIL-Chennai-Guindy','PR0026','SI0073','172.16.14.103','49.44.94.140','49.44.94.201','14103','H'),('TCL-Chennai-1.1','PR0027','SI0102','172.16.13.167','None','14.141.119.61','13167','H'),('Airtel-Chennai-Santhome-Pattnipakkam','PR0028','SI0009','172.16.12.39','None','116.119.47.172','12039','H'),('VIL-Chennai-Guindy','PR0029','SI0126','172.16.13.39','None','182.19.91.24','13039','H'),('Airtel-Chennai-Siruseri','PR0030','SI0009','172.16.12.71','None','116.119.47.109','12071','H'),('VIL-Chennai-Siruseri','PR0031','SI0126','172.16.13.71','None','182.19.33.188','13071','H'),('Railtel-Chennai','PR0032','SI0062','172.16.19.199','103.246.193.84','103.246.193.83','19199','D'),('BSNL Chennai-HaddowsRoad-1.2','PR0033','SI0042','172.16.14.136','None','117.236.238.10','14136','D'),('BSNL Chennai-HaddowsRoad-1.1','PR0034','SI0042','172.16.14.135','None','117.236.238.13','14135','H'),('BSNL-Chennai-FlowerBazar-2.1','PR0035','SI0042','172.16.14.167','None','117.236.238.29','14167','H'),('BSNL-Chennai-FlowerBazar-2.2','PR0036','SI0042','172.16.14.169','None','117.236.238.26','14169','D'),('Netmagic-Chennai','PR0037','SI0054','172.16.18.231','180.179.47.197','180.179.47.195','18231','D'),('Spectranet-Chennai','PR0038','SI0089','172.16.21.103','119.82.115.46','119.82.115.45','21103','D'),('Tata-Play-Chennai','PR0039','SI0092','172.16.21.199','182.50.71.244','182.50.71.243','21199','D'),('PGCIL-Chennai','PR0040','SI0058','172.16.19.103','223.31.120.182','223.31.120.181','19103','D'),('Telstra-Chennai','PR0041','SI0110','172.16.23.167','210.57.203.59','210.57.203.58','23167','D'),('RCOM-Chennai','PR0042','SI0066','172.16.20.39','None','115.254.120.28','20039','D'),('Atria-Coimbatore','PR0043','SI0039','172.16.18.71','106.51.113.12','106.51.113.11','18071','D'),('BSNL-Delhi-1.1','PR0044','SI0044','172.16.11.167','None','117.251.110.74','11167','D'),('BSNL-Delhi-1.2','PR0045','SI0044','172.16.11.168','None','nan','11168','D'),('PGCIL-Delhi-MaharaniBagh','PR0046','SI0059','172.16.13.231','None','220.158.184.147','13231','H'),('TCL-Delhi','PR0047','SI0103','172.16.13.103','None','115.112.99.173','13103','H'),('Tikona-Delhi','PR0048','SI0113','172.16.24.7','None','203.90.103.252','24007','D'),('MTNL-Delhi-KidwaiBhawan','PR0049','SI0051','172.16.11.7','None','203.94.195.18','11007','D'),('RJIL-Delhi-Vikaspuri','PR0050','SI0075','172.16.14.7','None','49.44.174.42','14007','H'),('TTSL-Delhi','PR0051','SI0117','172.16.24.135','14.99.234.14','14.99.234.13','24135','D'),('AT&T-Delhi','PR0052','SI0035','172.16.17.199','122.248.176.30','122.248.176.29','17199','D'),('Tata-Play-Delhi','PR0053','SI0093','172.16.21.231','103.197.72.20','103.197.72.19','21231','D'),('Telstra-Delhi','PR0054','SI0111','172.16.23.199','','202.41.233.4','23199','D'),('RJIL-Hyderabad-Miyapur','PR0055','SI0076','172.16.20.231','49.44.222.220','49.44.222.253','20231','D'),('Airtel-Hyderabad-Uppal','PR0056','SI0013','172.16.12.103','None','116.119.47.61','12103','H'),('Airtel-Hyderabad-Hitech','PR0057','SI0013','172.16.12.135','None','116.119.47.77','12135','H'),('AT&T-Hyderabad','PR0058','SI0036','172.16.17.231','122.248.176.9','122.248.176.8','17231','D'),('Hathway-Hyderabad','PR0059','SI0049','172.16.18.103','202.88.174.243','202.88.174.242','18103','D'),('RJIL-Hyderabad-JDC-Madhapur','PR0060','SI0076','172.16.20.199','49.44.222.220','49.44.222.220','20199','D'),('TCL-Hyderabad','PR0061','SI0105','172.16.23.39','115.112.81.238','115.112.81.237','23039','D'),('TTSL-Hyderabad','PR0062','SI0118','172.16.24.167','14.99.138.14','14.99.138.13','24167','D'),('Verizon-Hyderabad','PR0063','SI0124','172.16.25.135','202.80.55.14','202.80.55.10','25135','D'),('Spectranet-Mumbai','PR0064','SI0090','172.16.21.135','203.92.38.126','203.92.38.124','21135','D'),('VIL-Mumbai-Powai','PR0065','SI0131','172.16.13.7','None','182.19.91.10','13007','H'),('RJIL-Mumbai-Santacruz','PR0066','SI0082','172.16.14.39','None','49.4494.67','14039','H'),('TTSL-Mumbai-MIDC-Turbhe','PR0067','SI0120','172.16.25.7','61.16.132.30','61.16.132.29','25007','D'),('Netmagic Mumbai Vikhroli','PR0068','SI0055','172.16.19.39','123.108.42.132','202.81.35.61','19039','D'),('Netmagic Mumbai Vikhroli','PR0069','SI0131','172.16.12.199','None','nan','12199','H'),('Airtel-Mumbai-Malad-SpectrumTower','PR0070','SI0023','172.16.17.71','116.119.75.94','116.119.75.173','17071','D'),('TCL-Mumbai-PrabhaDevi-1.1','PR0071','SI0107','172.16.13.135','None','115.112.104.58','13135','H'),('TTSL-Mumbai-Prabhadevi','PR0072','SI0120','172.16.24.231','61.16.132.30','14.99.49.221','49222','D'),('AT&T-Mumbai-Prabhadevi','PR0073','SI0037','172.16.18.7','122.248.160.125','202.135.169.61','18007','D'),('Airtel-Mumbai-Chandiwali','PR0074','SI0023','172.16.17.7','116.119.75.94','116.119.75.93','17007','D'),('Telstra-Mumbai','PR0075','SI0112','172.16.23.231','210.57.193.206','nan','23231','D'),('VIL-Mumbai-Airoli-DigheVillage','PR0076','SI0131','172.16.11.71','None','118.185.40.25','11071','D'),('RJIL-Mumbai-RCP-Ghansoli','PR0077','SI0082','172.16.11.103','None','49.44.94.45','11103','D'),('BSNL-Mumbai-Fountain','PR0078','SI0047','172.16.14.199','None','117.236.66.93','14199','H'),('Tata-Play-Mumbai','PR0079','SI0096','172.16.22.71','45.127.44.181','45.127.44.180','22071','D'),('Airtel-Mumbai-Malad-4thDimension','PR0080','SI0023','172.16.17.39','116.119.75.94','116.119.75.189','17039','D'),('AT&T-Mumbai-Vashi','PR0081','SI0037','172.16.18.39','122.248.160.125','122.248.160.124','18039','D'),('Hathway-Mumbai','PR0082','SI0050','172.16.18.135','125.99.127.254','125.99.127.253','18135','D'),('MTNL-Mumbai-Prabhadevi','PR0083','SI0052','172.16.18.167','None','202.88.174.242','18167','D'),('BSNL-Mumbai-PrabhaDevi-1.1','PR0084','SI0047','172.16.14.231','None','117.236.66.76','14231','H'),('BSNL-Mumbai-PrabhaDevi-1.2','PR0085','SI0047','172.16.14.233','None','117.236.66.74','14233','D'),('Railtel Mumbai','PR0086','SI0065','172.16.20.7','103.30.64.76','103.30.64.75','20007','D'),('Sify-Mumbai','PR0087','SI0087','172.16.25.167','202.191.190.126','202.191.190.125','25167','D'),('PGCIL-Mumbai','PR0088','SI0061','172.16.19.167','223.31.122.206','223.31.122.205','19167','D'),('Netmagic Mumbai Chandiwali','PR0089','SI0055','172.16.19.7','123.108.42.132','123.108.42.131','19007','D'),('Airtel-Noida-1.1','PR0090','SI0027','172.16.11.199','None','116.119.47.45','11199','D'),('Airtel-Noida-1.2','PR0091','SI0027','172.16.11.198','None','116.119.47.46','11198','H'),('Netmagic Noida','PR0092','SI0057','172.16.19.71','203.112.151.140','202.112.151.139','19071','D'),('RJIL-Noida','PR0093','SI0085','172.16.15.135','49.44.174.27','49.44.174.26','15135','D'),('Tata-Play-Noida','PR0094','SI0097','172.16.22.103','45.119.31.158','45.119.31.157','22103','D'),('VIL-Noida','PR0095','SI0134','172.16.25.231','223.196.71.11','223.196.71.10','25231','D'),('Verizon-Noida','PR0096','SI0125','172.16.25.103','203.78.212.93','203.78.212.91','25103','D'),('Airtel-Gurgaon-Manesar-1.1','PR0097','SI0012','172.16.11.231','None','nan','11231','H'),('VIL-Gurgaon','PR0098','SI0129','172.16.11.135','None','182.19.91.74','11135','H'),('Airtel-Gurgaon-Manesar-1.2','PR0099','SI0012','172.16.11.233','None','nan','11233','D'),('Tata-Play-Jaipur','PR0100','SI0094','172.16.22.7','103.22.143.4','103.22.143.3','22007','D'),('Airtel-Jaipur','PR0101','SI0015','172.16.16.167','116.119.47.254','116.119.47.253','16167','D'),('Airtel-Jammu-GandhiNagar','PR0102','SI0016','172.16.12.7','None','116.119.47.13','12007','H'),('Airtel-Jodhpur','PR0103','SI0017','172.16.26.135','116.119.75.30','116.119.75.29','26135','D'),('BSNL-Ernakulam','PR0104','SI0045','172.16.15.103','None','117.254.187.210','15103','D'),('TCL-Ernakulam','PR0105','SI0104','172.16.23.7','14.140.177.78','14.140.177.77','23007','D'),('Tata-Play-Kolkata','PR0106','SI0095','172.16.22.39','103.59.72.225','103.59.72.225','22039','D'),('Railtel-Kolkata','PR0107','SI0064','172.16.19.231','27.122.60.124','27.122.60.123','19231','D'),('BSNL Kolkata','PR0108','SI0046','172.16.15.71','None','117.252.177.173','15071','D'),('Airtel-Kolkata','PR0109','SI0018','172.16.16.199','116.119.80.110','116.119.80.109','16199','D'),('PGCIL-Kolkata','PR0110','SI0060','172.16.19.135','103.70.62.54','103.70.62.53','19135','D'),('RJIL-Kolkata-Saltlake','PR0111','SI0078','172.16.21.7','49.44.222.155','49.44.222.155','21007','D'),('RJIL-Kolkata-Ichapur','PR0112','SI0078','172.16.21.39','49.44.222.155','49.44.222.187','21039','D'),('TTSL-Kolkata','PR0113','SI0119','172.16.24.199','14.99.107.14','14.99.107.13','24199','D'),('TCL-Kolkata','PR0114','SI0106','172.16.23.71','115.112.73.126','115.112.73.125','23071','D'),('Airtel-Calicut','PR0115','SI0008','172.16.16.103','116.119.80.14','116.119.80.13','16103','D'),('Airtel-Ludhiyana','PR0116','SI0020','172.16.26.167','116.119.75.46','116.119.75.45','26167','D'),('Airtel-Moradabad','PR0117','SI0022','172.16.26.199','116.119.75.238','116.119.75.237','26199','D'),('RJIL-Nagpur-Hingna','PR0118','SI0083','172.16.27.39','49.44.222.8','49.44.222.7','27039','D'),('Airtel-Nagpur','PR0119','SI0026','172.16.26.231','116.119.116.190','116.119.116.189','26231','D'),('RJIL-Nagpur-Moudha','PR0120','SI0083','49.44.222.39','49.44.222.8','49.44.222.38','222039','D'),('RCOM-Mumbai','PR0121','SI0067','172.16.13.199','None','115.248.199.243','13199','H'),('Airtel-Delhi-Okhla','PR0122','SI0011','172.16.11.39','None','nan','11039','D'),('Airtel-Patna','PR0123','SI0028','172.16.17.103','116.119.80.158','116.119.80.157','17103','D'),('Airtel-Pune-Kharadi','PR0124','SI0029','172.16.17.135','116.119.47.206','116.119.47.205','17135','D'),('TCL-Pune','PR0125','SI0108','172.16.23.103','115.112.92.206','115.112.92.205','23103','D'),('Airtel-Pune-Vega','PR0126','SI0029','172.16.17.167','116.119.47.206','116.119.75.13','17167','D'),('Tata-Play-Pune','PR0127','SI0098','172.16.22.135','58.84.63.4','58.84.63.3','22135','D'),('TTSL-Pune','PR0128','SI0122','172.16.25.39','49.248.201.14','49.248.201.13','25039','D'),('RJIL-Pune-SAG','PR0129','SI0086','172.16.27.103','49.44.174.72','49.44.174.71','27103','D'),('Airtel-Raipur','PR0130','SI0031','172.16.26.39','116.119.126.124','116.119.126.125','26039','D'),('Airtel-Udaipur','PR0131','SI0033','172.16.26.103','116.119.75.158','116.119.75.157','26103','D'),('Airtel-Varanasi','PR0132','SI0034','172.16.27.7','116.119.115.78','116.119.115.77','27007','D'),('RJIL-Ahmedabad-DriveIn','PR0133','SI0069','172.16.20.103','49.44.222.124','49.44.222.123','20103','D'),('Airtel-Ahmedabad','PR0134','SI0001','172.16.15.199','116.119.47.222','116.119.47.221','15199','D'),('TTSL-Ahmedabad','PR0135','SI0114','172.16.24.39','14.99.149.14','14.99.149.13','24039','D'),('RJIL-Ahmedabad-Naroda','PR0136','SI0069','172.16.20.71','49.44.222.124','49.44.222.91','20071','D'),('Airtel-Rajkot','PR0137','SI0032','172.16.26.71','None','172.16.26.70','26071','D'),('Railtel-Delhi','PR0138','SI0063','172.16.15.167','None','103.55.75.77','15167','H'),('TCL-Mumbai-PrabhaDevi-1.2','PR0139','SI0107','172.16.13.137','None','172.16.13.136','13137','D'),('TCL-Mumbai-PrabhaDevi-1.3','PR0140','SI0107','172.16.13.139','None','172.16.13.138','13139','D');
/*!40000 ALTER TABLE `PROBES` ENABLE KEYS */;
UNLOCK TABLES;

--
-- Table structure for table `Patches`
--

DROP TABLE IF EXISTS `Patches`;
/*!40101 SET @saved_cs_client     = @@character_set_client */;
/*!40101 SET character_set_client = utf8 */;
CREATE TABLE `Patches` (
  `Stype` varchar(20) NOT NULL,
  `Description` varchar(255) NOT NULL,
  `SID` varchar(10) NOT NULL,
  `PatchName` varchar(30) NOT NULL,
  `Timestamp` datetime NOT NULL
) ENGINE=InnoDB DEFAULT CHARSET=utf8mb4 COLLATE=utf8mb4_general_ci;
/*!40101 SET character_set_client = @saved_cs_client */;

--
-- Dumping data for table `Patches`
--

LOCK TABLES `Patches` WRITE;
/*!40000 ALTER TABLE `Patches` DISABLE KEYS */;
INSERT INTO `Patches` VALUES ('Probe','no reverse connectivity to 192.168.144.48 server','PR0001','Network File Update','2024-06-05 10:00:00'),('Probe','replaces xilinx file','PR0002','Network File Update','2024-06-05 10:00:00'),('Probe','Need to be done','PR0003','Network File Update','2024-06-05 10:00:00'),('Probe','Need to be done','PR0004','Network File Update','2024-06-05 10:00:00'),('Probe','done','PR0005','Network File Update','2024-06-05 10:00:00'),('Probe','replaced napatech file','PR0006','Network File Update','2024-06-05 10:00:00'),('Probe','Need to be done','PR0007','Network File Update','2024-06-05 10:00:00'),('Probe','replaced napatech file','PR0008','Network File Update','2024-06-05 10:00:00'),('Probe','Need to be done','PR0009','Network File Update','2024-06-05 10:00:00'),('Probe','Need to be done','PR0010','Network File Update','2024-06-05 10:00:00'),('Probe','done but data not coming','PR0011','Network File Update','2024-06-05 10:00:00'),('Probe','Need to be done','PR0012','Network File Update','2024-06-05 10:00:00'),('Probe','Need to be done','PR0013','Network File Update','2024-06-05 10:00:00'),('Probe','Need to be done','PR0014','Network File Update','2024-06-05 10:00:00'),('Probe','Need to be done','PR0015','Network File Update','2024-06-05 10:00:00'),('Probe','Need to be done','PR0016','Network File Update','2024-06-05 10:00:00'),('Probe','Need to be done','PR0017','Network File Update','2024-06-05 10:00:00'),('Probe','Need to be done','PR0018','Network File Update','2024-06-05 10:00:00'),('Probe','Need to be done','PR0019','Network File Update','2024-06-05 10:00:00'),('Probe','Need to be done','PR0020','Network File Update','2024-06-05 10:00:00'),('Probe','Need to be done','PR0021','Network File Update','2024-06-05 10:00:00'),('Probe','Need to be done','PR0022','Network File Update','2024-06-05 10:00:00'),('Probe','Need to be done','PR0023','Network File Update','2024-06-05 10:00:00'),('Probe','Need to be done','PR0024','Network File Update','2024-06-05 10:00:00'),('Probe','No route to 192.168.144.48','PR0025','Network File Update','2024-06-05 10:00:00'),('Probe','done','PR0026','Network File Update','2024-06-05 10:00:00'),('Probe','Need to be done','PR0027','Network File Update','2024-06-05 10:00:00'),('Probe','Need to be done','PR0028','Network File Update','2024-06-05 10:00:00'),('Probe','Need to be done','PR0029','Network File Update','2024-06-05 10:00:00'),('Probe','Need to be done','PR0030','Network File Update','2024-06-05 10:00:00'),('Probe','Need to be done','PR0031','Network File Update','2024-06-05 10:00:00'),('Probe','Need to be done','PR0032','Network File Update','2024-06-05 10:00:00'),('Probe','Need to be done','PR0033','Network File Update','2024-06-05 10:00:00'),('Probe','done','PR0034','Network File Update','2024-06-05 10:00:00'),('Probe','replaces xilinx file','PR0035','Network File Update','2024-06-05 10:00:00'),('Probe','Need to be done','PR0036','Network File Update','2024-06-05 10:00:00'),('Probe','Need to be done','PR0037','Network File Update','2024-06-05 10:00:00'),('Probe','Need to be done','PR0038','Network File Update','2024-06-05 10:00:00'),('Probe','replaces xilinx file','PR0039','Network File Update','2024-06-05 10:00:00'),('Probe','Need to be done','PR0040','Network File Update','2024-06-05 10:00:00'),('Probe','Need to be done','PR0041','Network File Update','2024-06-05 10:00:00'),('Probe','Need to be done','PR0042','Network File Update','2024-06-05 10:00:00'),('Probe','Need to be done','PR0043','Network File Update','2024-06-05 10:00:00'),('Probe','testing going on','PR0044','Network File Update','2024-06-05 10:00:00'),('Probe','Need to be done','PR0045','Network File Update','2024-06-05 10:00:00'),('Probe','Need to be done','PR0046','Network File Update','2024-06-05 10:00:00'),('Probe','Need to be done','PR0047','Network File Update','2024-06-05 10:00:00'),('Probe','Need to be done','PR0048','Network File Update','2024-06-05 10:00:00'),('Probe','Need to be done','PR0049','Network File Update','2024-06-05 10:00:00'),('Probe','Need to be done','PR0050','Network File Update','2024-06-05 10:00:00'),('Probe','Need to be done','PR0051','Network File Update','2024-06-05 10:00:00'),('Probe','Need to be done','PR0052','Network File Update','2024-06-05 10:00:00'),('Probe','done','PR0053','Network File Update','2024-06-05 10:00:00'),('Probe','Need to be done','PR0054','Network File Update','2024-06-05 10:00:00'),('Probe','done','PR0055','Network File Update','2024-06-05 10:00:00'),('Probe','done','PR0056','Network File Update','2024-06-05 10:00:00'),('Probe','Need to be done','PR0057','Network File Update','2024-06-05 10:00:00'),('Probe','Need to be done','PR0058','Network File Update','2024-06-05 10:00:00'),('Probe','Need to be done','PR0059','Network File Update','2024-06-05 10:00:00'),('Probe','Need to be done','PR0060','Network File Update','2024-06-05 10:00:00'),('Probe','Need to be done','PR0061','Network File Update','2024-06-05 10:00:00'),('Probe','Need to be done','PR0062','Network File Update','2024-06-05 10:00:00'),('Probe','Need to be done','PR0063','Network File Update','2024-06-05 10:00:00'),('Probe','Need to be done','PR0064','Network File Update','2024-06-05 10:00:00'),('Probe','Need to be done','PR0065','Network File Update','2024-06-05 10:00:00'),('Probe','done','PR0066','Network File Update','2024-06-05 10:00:00'),('Probe','Need to be done','PR0067','Network File Update','2024-06-05 10:00:00'),('Probe','Need to be done','PR0068','Network File Update','2024-06-05 10:00:00'),('Probe','server not reachable','PR0069','Network File Update','2024-06-05 10:00:00'),('Probe','Need to be done','PR0070','Network File Update','2024-06-05 10:00:00'),('Probe','file unable to replace even after stopping the service','PR0071','Network File Update','2024-06-05 10:00:00'),('Probe','Need to be done','PR0072','Network File Update','2024-06-05 10:00:00'),('Probe','Need to be done','PR0073','Network File Update','2024-06-05 10:00:00'),('Probe','Need to be done','PR0074','Network File Update','2024-06-05 10:00:00'),('Probe','Need to be done','PR0075','Network File Update','2024-06-05 10:00:00'),('Probe','Need to be done','PR0076','Network File Update','2024-06-05 10:00:00'),('Probe','replaces xilinx file','PR0077','Network File Update','2024-06-05 10:00:00'),('Probe','no route to 192.168.144.48','PR0078','Network File Update','2024-06-05 10:00:00'),('Probe','done','PR0079','Network File Update','2024-06-05 10:00:00'),('Probe','Need to be done','PR0080','Network File Update','2024-06-05 10:00:00'),('Probe','Need to be done','PR0081','Network File Update','2024-06-05 10:00:00'),('Probe','Need to be done','PR0082','Network File Update','2024-06-05 10:00:00'),('Probe','Need to be done','PR0083','Network File Update','2024-06-05 10:00:00'),('Probe','Need to be done','PR0084','Network File Update','2024-06-05 10:00:00'),('Probe','Need to be done','PR0085','Network File Update','2024-06-05 10:00:00'),('Probe','done','PR0086','Network File Update','2024-06-05 10:00:00'),('Probe','Need to be done','PR0087','Network File Update','2024-06-05 10:00:00'),('Probe','Need to be done','PR0088','Network File Update','2024-06-05 10:00:00'),('Probe','Need to be done','PR0089','Network File Update','2024-06-05 10:00:00'),('Probe','file is in tar form','PR0090','Network File Update','2024-06-05 10:00:00'),('Probe','Need to be done','PR0091','Network File Update','2024-06-05 10:00:00'),('Probe','Need to be done','PR0092','Network File Update','2024-06-05 10:00:00'),('Probe','done','PR0093','Network File Update','2024-06-05 10:00:00'),('Probe','Need to be done','PR0094','Network File Update','2024-06-05 10:00:00'),('Probe','Need to be done','PR0095','Network File Update','2024-06-05 10:00:00'),('Probe','Need to be done','PR0096','Network File Update','2024-06-05 10:00:00'),('Probe','done','PR0097','Network File Update','2024-06-05 10:00:00'),('Probe','Need to be done','PR0098','Network File Update','2024-06-05 10:00:00'),('Probe','Need to be done','PR0099','Network File Update','2024-06-05 10:00:00'),('Probe','Need to be done','PR0100','Network File Update','2024-06-05 10:00:00'),('Probe','Need to be done','PR0101','Network File Update','2024-06-05 10:00:00'),('Probe','Need to be done','PR0102','Network File Update','2024-06-05 10:00:00'),('Probe','replaces xilinx file','PR0103','Network File Update','2024-06-05 10:00:00'),('Probe','Need to be done','PR0104','Network File Update','2024-06-05 10:00:00'),('Probe','Need to be done','PR0105','Network File Update','2024-06-05 10:00:00'),('Probe','Need to be done','PR0106','Network File Update','2024-06-05 10:00:00'),('Probe','Need to be done','PR0107','Network File Update','2024-06-05 10:00:00'),('Probe','replaced napatech file','PR0108','Network File Update','2024-06-05 10:00:00'),('Probe','Need to be done','PR0109','Network File Update','2024-06-05 10:00:00'),('Probe','replaces xilinx file','PR0110','Network File Update','2024-06-05 10:00:00'),('Probe','Need to be done','PR0111','Network File Update','2024-06-05 10:00:00'),('Probe','Need to be done','PR0112','Network File Update','2024-06-05 10:00:00'),('Probe','Need to be done','PR0113','Network File Update','2024-06-05 10:00:00'),('Probe','Need to be done','PR0114','Network File Update','2024-06-05 10:00:00'),('Probe','Need to be done','PR0115','Network File Update','2024-06-05 10:00:00'),('Probe','Need to be done','PR0116','Network File Update','2024-06-05 10:00:00'),('Probe','replaces xilinx file','PR0117','Network File Update','2024-06-05 10:00:00'),('Probe','down','PR0118','Network File Update','2024-06-05 10:00:00'),('Probe','replaces xilinx file','PR0119','Network File Update','2024-06-05 10:00:00'),('Probe','replaces xilinx file','PR0120','Network File Update','2024-06-05 10:00:00'),('Probe','Need to be done','PR0121','Network File Update','2024-06-05 10:00:00'),('Probe','replaces xilinx file','PR0122','Network File Update','2024-06-05 10:00:00'),('Probe','Need to be done','PR0123','Network File Update','2024-06-05 10:00:00'),('Probe','Need to be done','PR0124','Network File Update','2024-06-05 10:00:00'),('Probe','done but no traffic','PR0125','Network File Update','2024-06-05 10:00:00'),('Probe','Need to be done','PR0126','Network File Update','2024-06-05 10:00:00'),('Probe','done but no traffic','PR0127','Network File Update','2024-06-05 10:00:00'),('Probe','Need to be done','PR0128','Network File Update','2024-06-05 10:00:00'),('Probe','replaces xilinx file','PR0129','Network File Update','2024-06-05 10:00:00'),('Probe','replaces xilinx file','PR0130','Network File Update','2024-06-05 10:00:00'),('Probe','replaces xilinx file','PR0131','Network File Update','2024-06-05 10:00:00'),('Probe','replaces xilinx file','PR0132','Network File Update','2024-06-05 10:00:00'),('Probe','Need to be done','PR0133','Network File Update','2024-06-05 10:00:00'),('Probe','Need to be done','PR0134','Network File Update','2024-06-05 10:00:00'),('Probe','Need to be done','PR0135','Network File Update','2024-06-05 10:00:00'),('Probe','Need to be done','PR0136','Network File Update','2024-06-05 10:00:00'),('Probe','done','PR0137','Network File Update','2024-06-05 10:00:00'),('Probe','Need to be done','PR0138','Network File Update','2024-06-05 10:00:00'),('Probe','Need to be done','PR0139','Network File Update','2024-06-05 10:00:00'),('Probe','Need to be done','PR0140','Network File Update','2024-06-05 10:00:00');
/*!40000 ALTER TABLE `Patches` ENABLE KEYS */;
UNLOCK TABLES;

--
-- Table structure for table `Router`
--

DROP TABLE IF EXISTS `Router`;
/*!40101 SET @saved_cs_client     = @@character_set_client */;
/*!40101 SET character_set_client = utf8 */;
CREATE TABLE `Router` (
  `ROUTERID` varchar(10) NOT NULL,
  `SITEID` varchar(10) NOT NULL,
  `IP` varchar(20) NOT NULL
) ENGINE=InnoDB DEFAULT CHARSET=utf8mb4 COLLATE=utf8mb4_general_ci;
/*!40101 SET character_set_client = @saved_cs_client */;

--
-- Dumping data for table `Router`
--

LOCK TABLES `Router` WRITE;
/*!40000 ALTER TABLE `Router` DISABLE KEYS */;
/*!40000 ALTER TABLE `Router` ENABLE KEYS */;
UNLOCK TABLES;

--
-- Table structure for table `RouterPorts`
--

DROP TABLE IF EXISTS `RouterPorts`;
/*!40101 SET @saved_cs_client     = @@character_set_client */;
/*!40101 SET character_set_client = utf8 */;
CREATE TABLE `RouterPorts` (
  `RouterID` varchar(10) NOT NULL,
  `PortNumber` int(11) NOT NULL,
  `Capacity` int(11) NOT NULL
) ENGINE=InnoDB DEFAULT CHARSET=utf8mb4 COLLATE=utf8mb4_general_ci;
/*!40101 SET character_set_client = @saved_cs_client */;

--
-- Dumping data for table `RouterPorts`
--

LOCK TABLES `RouterPorts` WRITE;
/*!40000 ALTER TABLE `RouterPorts` DISABLE KEYS */;
/*!40000 ALTER TABLE `RouterPorts` ENABLE KEYS */;
UNLOCK TABLES;

--
-- Table structure for table `Sites`
--

DROP TABLE IF EXISTS `Sites`;
/*!40101 SET @saved_cs_client     = @@character_set_client */;
/*!40101 SET character_set_client = utf8 */;
CREATE TABLE `Sites` (
  `SITEID` varchar(10) NOT NULL,
  `SITE_NAME` varchar(255) NOT NULL,
  `SITE_ISP` varchar(100) NOT NULL,
  `SITE_LOCATION` varchar(255) NOT NULL,
  `SITE_DEP_PHASE` varchar(10) NOT NULL,
  `Vendor` varchar(20) NOT NULL,
  PRIMARY KEY (`SITEID`)
) ENGINE=InnoDB DEFAULT CHARSET=utf8mb4 COLLATE=utf8mb4_general_ci;
/*!40101 SET character_set_client = @saved_cs_client */;

--
-- Dumping data for table `Sites`
--

LOCK TABLES `Sites` WRITE;
/*!40000 ALTER TABLE `Sites` DISABLE KEYS */;
INSERT INTO `Sites` VALUES ('SI0001','Airtel Ahmedabad','Airtel','Ahmedabad','Ph4',''),('SI0002','Airtel Ambala ','Airtel','Ambala ','Ph5',''),('SI0003','Airtel Bangalore YMCA ','Airtel','Bangalore','Ph4',''),('SI0004','Airtel Banglore1 WhiteField','Airtel','Banglore','Ph2',''),('SI0005','Airtel Bhopal CentrePoint','Airtel','Bhopal','Ph4',''),('SI0006','Airtel Bhopal Govindpura','Airtel','Bhopal','Ph4',''),('SI0007','Airtel Bhubaneswar','Airtel','Bhubaneswar','Ph4',''),('SI0008','Airtel Calicut','Airtel','Calicut','Ph4',''),('SI0009','Airtel Chennai1 PattniPakam','Airtel','Chennai','Ph2',''),('SI0010','Airtel Chennai2 Siruseri','Airtel','Chennai','Ph2',''),('SI0011','Airtel Delhi Okhla','Airtel','Delhi','Ph5',''),('SI0012','Airtel Gurgaon Manesar','Airtel','Delhi/NCR','Ph2',''),('SI0013','Airtel Hyderabad1 Uppal','Airtel','Hyderabad','Ph2',''),('SI0014','Airtel Hyderabad2 HiTech','Airtel','Hyderabad','Ph2',''),('SI0015','Airtel Jaipur','Airtel','Jaipur','Ph4',''),('SI0016','Airtel Jammu GandhiNagar','Airtel','Jammu','Ph2',''),('SI0017','Airtel Jodhpur ','Airtel','Jodhpur ','Ph5',''),('SI0018','Airtel Kolkata','Airtel','Kolkata','Ph4',''),('SI0019','Airtel Lucknow','Airtel','Lucknow','Ph4',''),('SI0020','Airtel Ludhiyana','Airtel','Ludhiyana','Ph5',''),('SI0021','Airtel Mohali','Airtel','Mohali','Ph4',''),('SI0022','Airtel Moradabad ','Airtel','Moradabad ','Ph5',''),('SI0023','Airtel Mumbai Chandiwala','Airtel','Mumbai','Ph4',''),('SI0024','Airtel Mumbai Malad','Airtel','Mumbai','Ph4',''),('SI0025','Airtel Mumbai Spectrum','Airtel','Mumbai','Ph4',''),('SI0026','Airtel Nagpur ','Airtel','Nagpur ','Ph5',''),('SI0027','Airtel Noida Sec57','Airtel','Delhi/NCR','Ph2',''),('SI0028','Airtel Patna','Airtel','Patna','Ph4',''),('SI0029','Airtel Pune Kharadi','Airtel','Pune ','Ph4',''),('SI0030','Airtel Pune Vega','Airtel','Pune ','Ph4',''),('SI0031','Airtel Raipur ','Airtel','Raipur ','Ph5',''),('SI0032','Airtel Rajkot ','Airtel','Rajkot ','Ph5',''),('SI0033','Airtel Udaipur ','Airtel','Udaipur ','Ph5',''),('SI0034','Airtel Varanasi ','Airtel','Varanasi ','Ph5',''),('SI0035','AT&T Delhi','AT&T','Delhi','Ph4',''),('SI0036','AT&T Hyderabad','AT&T','Hyderabad','Ph4',''),('SI0037','AT&T Mumbai1 Prabhadevi','AT&T','Mumbai','Ph4',''),('SI0038','AT&T Mumbai2 Vashi','AT&T','Mumbai','Ph4',''),('SI0039','Atria Coimbatore','Atria ','Coimbatore','Ph4',''),('SI0040','BSNL Banglore-1 (East)','BSNL','Banglore','Ph3',''),('SI0041','BSNL Banglore-2 (NTB)','BSNL','Banglore','Ph3',''),('SI0042','BSNL Chennai1 HaddowsRoad','BSNL','Chennai','Ph3',''),('SI0043','BSNL Chennai2 Flower Bazar','BSNL','Chennai','Ph3',''),('SI0044','BSNL Delhi','BSNL','Delhi/NCR','Ph1',''),('SI0045','BSNL Ernakulam','BSNL','Earnakulam','Ph3',''),('SI0046','BSNL Kolkata','BSNL','Kolkata','Ph3',''),('SI0047','BSNL Mumbai1 FraserTown','BSNL','Mumbai','Ph3',''),('SI0048','BSNL Mumbai2 Prabhadevi','BSNL','Mumbai','Ph3',''),('SI0049','Hathway Hyderbad','Hathway ','Hyderbad','Ph4',''),('SI0050','Hathway Mumbai','Hathway ','Mumbai','Ph4',''),('SI0051','MTNL Delhi','MTNL','Delhi','Ph5',''),('SI0052','MTNL Mumbai','MTNL','Mumbai','Ph4',''),('SI0053','Netmagic Bangalore','Netmagic','Bangalore','Ph4',''),('SI0054','Netmagic Chennai','Netmagic','Chennai','Ph4',''),('SI0055','Netmagic Mumbai Chandiwala','Netmagic','Mumbai','Ph4',''),('SI0056','Netmagic Mumbai Vikhroli','Netmagic','Mumbai','Ph4',''),('SI0057','Netmagic Noida','Netmagic','Noida/NCR','Ph4',''),('SI0058','PGCIL Chennai','PGCIL','Chennai','Ph4',''),('SI0059','PGCIL Delhi MaharaniBagh','Powergrid','Delhi/NCR','Ph2',''),('SI0060','PGCIL Kolkata','PGCIL','Kolkata','Ph4',''),('SI0061','PGCIL Mumbai','PGCIL','Mumbai','Ph4',''),('SI0062','RailTel Chennai','RailTel','Chennai','Ph4',''),('SI0063','RailTel Delhi','RAILTEL','Delhi','Ph3',''),('SI0064','RailTel Kolkata','RailTel','Kolkata','Ph4',''),('SI0065','RailTel Mumbai','RailTel','Mumbai','Ph4',''),('SI0066','RCOM Chennai ','RCOM','Chennai','Ph4',''),('SI0067','Rcom Mumbai NaviMumbai','Reliance','Mumbai','Ph2',''),('SI0068','RJIL  Mumbai2 SantaCruz-W','RJIO','Mumbai','Ph2',''),('SI0069','RJIL Ahmadabad DriveInn','RJIL','Ahmadabad','Ph4',''),('SI0070','RJIL Ahmadabad Naroda ','RJIL','Ahmadabad ','Ph4',''),('SI0071','RJIL Bangalore1 Whitefield ','RJIL','Bangalore','Ph4',''),('SI0072','RJIL Bangalore2 Panneva','RJIL','Bangalore','Ph4',''),('SI0073','RJIL Chennai1 Siruseri','RJIL','Chennai','Ph2',''),('SI0074','RJIL Chennai2 Guindy','RJIL','Chennai','Ph2',''),('SI0075','RJIL Delhi VikasPuri','RJIL','Delhi/NCR','Ph2',''),('SI0076','RJIL Hyderabad1 LBNagar','RJIL','Hyderabad','Ph4',''),('SI0077','RJIL Hyderabad2 Miyapur','RJIL','Hyderabad','Ph4',''),('SI0078','RJIL Kolkata1 Saltlake','RJIL','Kolkata','Ph4',''),('SI0079','RJIL Kolkata2 Ichapur','RJIL','Kolkata','Ph4',''),('SI0080','RJIL Lucknow1 Jankipuram','RJIL','Lucknow','Ph5',''),('SI0081','RJIL Lucknow2 Ashiyana','RJIL','Lucknow ','Ph5',''),('SI0082','RJIL Mumbai RCP','RJIL','Mumbai','Ph5',''),('SI0083','RJIL Nagpur01   Hingna ','RJIL','Nagpur ','Ph5',''),('SI0084','RJIL Nagpur02 Mouda','RJIL','Nagpur','Ph5',''),('SI0085','RJIL Noida','RJIL','Noida/NCR','Ph3',''),('SI0086','RJIL Pune Sag2','RJIL','Pune','Ph5',''),('SI0087','Sify Mumbai','SIFY','Mumbai','Ph4',''),('SI0088','Spectranet (Citycom) Banglore','Spectranet ','Banglore','Ph4',''),('SI0089','Spectranet Chennai','Spectranet ','Chennai','Ph4',''),('SI0090','Spectranet Mumbai','Spectranet ','Mumbai','Ph4',''),('SI0091','TataPlay Bangalore','TataSky','Bangalore','Ph4',''),('SI0092','TataPlay Chennai','TataSky','Chennai','Ph4',''),('SI0093','TataPlay Delhi','TataSky','Delhi','Ph4',''),('SI0094','TataPlay Jaipur','TataSky','Jaipur','Ph4',''),('SI0095','TataPlay Kolkata','TataSky','Kolkata','Ph4',''),('SI0096','TataPlay Mumbai','TataPlay','Mumbai','Ph4',''),('SI0097','TataPlay Noida','TataSky','Noida/NCR','Ph4',''),('SI0098','TataPlay Pune','TataSky','Pune','Ph4',''),('SI0099','TCL Ahmedabad','TCL','Ahmedabad','Ph4',''),('SI0100','TCL Bangalore1 SanjayNagar','TCL','Bangalore','Ph4',''),('SI0101','TCL Bangalore2 WhiteField','TCL','Bangalore','Ph4',''),('SI0102','TCL Chennai SwamiSivanandaSalai','TCL','Chennai','Ph2',''),('SI0103','TCL Delhi BanglaSahib','TCL','Delhi/NCR','Ph2',''),('SI0104','TCL Ernakulum','TCL','Ernakulum','Ph4',''),('SI0105','TCL Hyderabad','TCL','Hyderabad','Ph4',''),('SI0106','TCL Kolkata','TCL','Kolkata','Ph4',''),('SI0107','TCL Mumbai PrabhaDevi','TCL','Mumbai','Ph2',''),('SI0108','TCL Pune','TCL','Pune','Ph4',''),('SI0109','Telstra Bangalore','Telstra','Bangalore','Ph4',''),('SI0110','Telstra Chennai','Telstra','Chennai','Ph4',''),('SI0111','Telstra Delhi','Telstra','Delhi','Ph4',''),('SI0112','Telstra Mumbai','Telstra','Mumbai','Ph4',''),('SI0113','Tikona Delhi','Tikona ','Delhi','Ph4',''),('SI0114','TTSL Ahmedabad','TTSL','Ahmedabad','Ph4',''),('SI0115','TTSL Bangalore','TTSL','Bangalore','Ph4',''),('SI0116','TTSL Chennai','TTSL','Chennai','Ph4',''),('SI0117','TTSL Delhi','TTSL','Delhi','Ph4',''),('SI0118','TTSL Hyderabad','TTSL','Hyderabad','Ph4',''),('SI0119','TTSL Kolkata','TTSL','Kolkata','Ph4',''),('SI0120','TTSL Mumbai1 MIDC Turbhe','TTSL','Mumbai','Ph4',''),('SI0121','TTSL Mumbai2 Prabhadevi','TTSL','Mumbai','Ph4',''),('SI0122','TTSL Pune','TTSL','Pune','Ph4',''),('SI0123','Verizon Bangalore','Verizon ','Bangalore','Ph4',''),('SI0124','Verizon Hyderabad','Verizon ','Hyderabad','Ph4',''),('SI0125','Verizon Noida','Verizon ','Noida/NCR','Ph4',''),('SI0126','VIL Chennai Guindy ','VIL','Chennai','Ph2',''),('SI0127','VIL Chennai NeharuNagar Perungadi ','VIL','Chennai','Ph2',''),('SI0128','VIL Chennai Siruseri ','VIL','Chennai','Ph2',''),('SI0129','VIL Gurgaon ','VIL','Delhi/NCR','Ph1',''),('SI0130','VIL Mohali','VIL','Mohali','Ph4',''),('SI0131','VIL Mumbai Airoli Dhighe','VIL','Mumbai','Ph5',''),('SI0132','VIL Mumbai Airoli ReliableTechPark ','VIL','Mumbai','Ph2',''),('SI0133','VIL Mumbai Powai ','VIL','Mumbai','Ph2',''),('SI0134','VIL Noida (Idea Noida)','VIL','Noida/NCR','Ph4','');
/*!40000 ALTER TABLE `Sites` ENABLE KEYS */;
UNLOCK TABLES;
/*!40103 SET TIME_ZONE=@OLD_TIME_ZONE */;

/*!40101 SET SQL_MODE=@OLD_SQL_MODE */;
/*!40014 SET FOREIGN_KEY_CHECKS=@OLD_FOREIGN_KEY_CHECKS */;
/*!40014 SET UNIQUE_CHECKS=@OLD_UNIQUE_CHECKS */;
/*!40101 SET CHARACTER_SET_CLIENT=@OLD_CHARACTER_SET_CLIENT */;
/*!40101 SET CHARACTER_SET_RESULTS=@OLD_CHARACTER_SET_RESULTS */;
/*!40101 SET COLLATION_CONNECTION=@OLD_COLLATION_CONNECTION */;
/*!40111 SET SQL_NOTES=@OLD_SQL_NOTES */;

-- Dump completed on 2024-07-31 10:32:10
